{
  "project_info": {
    "project_number": "27092399662",
    "firebase_url": "https://friendly-2adec.firebaseio.com",
    "project_id": "friendly-2adec",
    "storage_bucket": "friendly-2adec.appspot.com"
  },
  "client": [
    {
      "client_info": {
        "mobilesdk_app_id": "1:27092399662:android:7b123090f8f5db96",
        "android_client_info": {
          "package_name": "com.example.android.friendlychat"
        }
      },
      "oauth_client": [
        {
          "client_id": "27092399662-14rm6nvfhmosqi6foogijl07mkcfk7qr.apps.googleusercontent.com",
          "client_type": 3
        }
      ],
      "api_key": [
        {
          "current_key": "AIzaSyBJqYj-hQ6LCianaQaQLu6B4Jah4NjpTmA"
        }
      ],
      "services": {
        "analytics_service": {
          "status": 1
        },
        "appinvite_service": {
          "status": 1,
          "other_platform_oauth_client": []
        },
        "ads_service": {
          "status": 2
        }
      }
    }
  ],
  "configuration_version": "1"
}